;Topology;Params;Number_Iterations;Number_Particles;C1;C2;W;Mean bests_Results;Best of Iterations
0;ALL;Number of interations: 50 C1: 0.1 C2:0.2 w:0.3 N_Particles:50 Topology:ALL;ALL;50;0.1;0.2;0.3;0.10535397475530077;0.0035063203364527062
1;ALL;Number of interations: 50 C1: 0.1 C2:0.2 w:0.5 N_Particles:50 Topology:ALL;ALL;50;0.1;0.2;0.5;0.10288410150261607;0.01690306432508537
2;ALL;Number of interations: 50 C1: 0.1 C2:0.2 w:0.9 N_Particles:50 Topology:ALL;ALL;50;0.1;0.2;0.9;0.048353613153564456;0.020893641079308356
3;ALL;Number of interations: 50 C1: 0.1 C2:0.5 w:0.3 N_Particles:50 Topology:ALL;ALL;50;0.1;0.5;0.3;0.43215785994615785;0.052459955625125065
4;ALL;Number of interations: 50 C1: 0.1 C2:0.5 w:0.5 N_Particles:50 Topology:ALL;ALL;50;0.1;0.5;0.5;2.5685510464246165e-05;5.828938864915756e-07
5;ALL;Number of interations: 50 C1: 0.1 C2:0.5 w:0.9 N_Particles:50 Topology:ALL;ALL;50;0.1;0.5;0.9;0.2785425857196082;0.1354902790926329
6;ALL;Number of interations: 50 C1: 0.1 C2:0.8 w:0.3 N_Particles:50 Topology:ALL;ALL;50;0.1;0.8;0.3;0.2279151316931441;6.146592967937181e-08
7;ALL;Number of interations: 50 C1: 0.1 C2:0.8 w:0.5 N_Particles:50 Topology:ALL;ALL;50;0.1;0.8;0.5;2.305384872247629e-06;5.427691971426896e-07
8;ALL;Number of interations: 50 C1: 0.1 C2:0.8 w:0.9 N_Particles:50 Topology:ALL;ALL;50;0.1;0.8;0.9;1.3580312219748265;0.3313080134963866
9;ALL;Number of interations: 50 C1: 0.1 C2:2 w:0.3 N_Particles:50 Topology:ALL;ALL;50;0.1;2.0;0.3;0.1646239108495995;1.5397534314232075e-07
10;ALL;Number of interations: 50 C1: 0.1 C2:2 w:0.5 N_Particles:50 Topology:ALL;ALL;50;0.1;2.0;0.5;0.0009975920744918377;0.0006225824325984952
11;ALL;Number of interations: 50 C1: 0.1 C2:2 w:0.9 N_Particles:50 Topology:ALL;ALL;50;0.1;2.0;0.9;4.941997622375152;3.38117272052741
12;ALL;Number of interations: 50 C1: 0.5 C2:0.2 w:0.3 N_Particles:50 Topology:ALL;ALL;50;0.5;0.2;0.3;0.05092882209904106;0.010350373439181215
13;ALL;Number of interations: 50 C1: 0.5 C2:0.2 w:0.5 N_Particles:50 Topology:ALL;ALL;50;0.5;0.2;0.5;0.2530679852526629;0.06779303921051794
14;ALL;Number of interations: 50 C1: 0.5 C2:0.2 w:0.9 N_Particles:50 Topology:ALL;ALL;50;0.5;0.2;0.9;0.016742903673564503;0.009172971420256193
15;ALL;Number of interations: 50 C1: 0.5 C2:0.5 w:0.3 N_Particles:50 Topology:ALL;ALL;50;0.5;0.5;0.3;0.3141747985903739;0.00484927715940886
16;ALL;Number of interations: 50 C1: 0.5 C2:0.5 w:0.5 N_Particles:50 Topology:ALL;ALL;50;0.5;0.5;0.5;0.0018989582715819076;3.6805414582730123e-07
17;ALL;Number of interations: 50 C1: 0.5 C2:0.5 w:0.9 N_Particles:50 Topology:ALL;ALL;50;0.5;0.5;0.9;0.04866845849193426;0.015699864652610973
18;ALL;Number of interations: 50 C1: 0.5 C2:0.8 w:0.3 N_Particles:50 Topology:ALL;ALL;50;0.5;0.8;0.3;0.026552410058148457;2.0145072245902895e-06
19;ALL;Number of interations: 50 C1: 0.5 C2:0.8 w:0.5 N_Particles:50 Topology:ALL;ALL;50;0.5;0.8;0.5;6.077108339219705e-07;3.4206914678591716e-07
20;ALL;Number of interations: 50 C1: 0.5 C2:0.8 w:0.9 N_Particles:50 Topology:ALL;ALL;50;0.5;0.8;0.9;0.2263233842027735;0.10728186785985061
21;ALL;Number of interations: 50 C1: 0.5 C2:2 w:0.3 N_Particles:50 Topology:ALL;ALL;50;0.5;2.0;0.3;7.408018427135233e-07;3.46861448452529e-07
22;ALL;Number of interations: 50 C1: 0.5 C2:2 w:0.5 N_Particles:50 Topology:ALL;ALL;50;0.5;2.0;0.5;0.0003046557033749231;5.147524148485516e-05
23;ALL;Number of interations: 50 C1: 0.5 C2:2 w:0.9 N_Particles:50 Topology:ALL;ALL;50;0.5;2.0;0.9;3.3932699740711394;2.3827672104042823
24;ALL;Number of interations: 50 C1: 0.7 C2:0.2 w:0.3 N_Particles:50 Topology:ALL;ALL;50;0.7;0.2;0.3;0.10139269167996483;0.0026590434521911455
25;ALL;Number of interations: 50 C1: 0.7 C2:0.2 w:0.5 N_Particles:50 Topology:ALL;ALL;50;0.7;0.2;0.5;0.22451999557926258;0.01289150269247985
26;ALL;Number of interations: 50 C1: 0.7 C2:0.2 w:0.9 N_Particles:50 Topology:ALL;ALL;50;0.7;0.2;0.9;0.017824536595304696;0.009130397363002363
27;ALL;Number of interations: 50 C1: 0.7 C2:0.5 w:0.3 N_Particles:50 Topology:ALL;ALL;50;0.7;0.5;0.3;0.14959345633677623;0.0006156372296541868
28;ALL;Number of interations: 50 C1: 0.7 C2:0.5 w:0.5 N_Particles:50 Topology:ALL;ALL;50;0.7;0.5;0.5;0.0002694170783386518;2.02137979687933e-07
29;ALL;Number of interations: 50 C1: 0.7 C2:0.5 w:0.9 N_Particles:50 Topology:ALL;ALL;50;0.7;0.5;0.9;0.050580269709576076;0.022310952674065465
30;ALL;Number of interations: 50 C1: 0.7 C2:0.8 w:0.3 N_Particles:50 Topology:ALL;ALL;50;0.7;0.8;0.3;0.03324060091121241;7.0205037339121645e-09
31;ALL;Number of interations: 50 C1: 0.7 C2:0.8 w:0.5 N_Particles:50 Topology:ALL;ALL;50;0.7;0.8;0.5;0.1646228605623034;2.719979126375449e-07
32;ALL;Number of interations: 50 C1: 0.7 C2:0.8 w:0.9 N_Particles:50 Topology:ALL;ALL;50;0.7;0.8;0.9;0.1400879828212081;0.07354267771549461
33;ALL;Number of interations: 50 C1: 0.7 C2:2 w:0.3 N_Particles:50 Topology:ALL;ALL;50;0.7;2.0;0.3;0.23168554998698285;1.8235682164302602e-07
34;ALL;Number of interations: 50 C1: 0.7 C2:2 w:0.5 N_Particles:50 Topology:ALL;ALL;50;0.7;2.0;0.5;0.00031934522757426365;7.781123116545885e-05
35;ALL;Number of interations: 50 C1: 0.7 C2:2 w:0.9 N_Particles:50 Topology:ALL;ALL;50;0.7;2.0;0.9;3.9459112672586096;3.0296186503787266
36;ALL;Number of interations: 50 C1: 1 C2:0.2 w:0.3 N_Particles:50 Topology:ALL;ALL;50;1.0;0.2;0.3;0.11676127487883585;0.006862634637962106
37;ALL;Number of interations: 50 C1: 1 C2:0.2 w:0.5 N_Particles:50 Topology:ALL;ALL;50;1.0;0.2;0.5;0.1382848958768137;0.019021639608507446
38;ALL;Number of interations: 50 C1: 1 C2:0.2 w:0.9 N_Particles:50 Topology:ALL;ALL;50;1.0;0.2;0.9;0.01572038783355021;0.009224855845122892
39;ALL;Number of interations: 50 C1: 1 C2:0.5 w:0.3 N_Particles:50 Topology:ALL;ALL;50;1.0;0.5;0.3;0.12510510703453379;0.0037953140022080056
40;ALL;Number of interations: 50 C1: 1 C2:0.5 w:0.5 N_Particles:50 Topology:ALL;ALL;50;1.0;0.5;0.5;3.6799573561729915e-06;3.094602551989567e-07
41;ALL;Number of interations: 50 C1: 1 C2:0.5 w:0.9 N_Particles:50 Topology:ALL;ALL;50;1.0;0.5;0.9;0.05118068966150391;0.021096675478198268
42;ALL;Number of interations: 50 C1: 1 C2:0.8 w:0.3 N_Particles:50 Topology:ALL;ALL;50;1.0;0.8;0.3;0.019213557122035586;2.664929024520646e-05
43;ALL;Number of interations: 50 C1: 1 C2:0.8 w:0.5 N_Particles:50 Topology:ALL;ALL;50;1.0;0.8;0.5;5.697211236999067e-07;2.2063008531247874e-07
44;ALL;Number of interations: 50 C1: 1 C2:0.8 w:0.9 N_Particles:50 Topology:ALL;ALL;50;1.0;0.8;0.9;0.19096118239052737;0.05766163249985512
45;ALL;Number of interations: 50 C1: 1 C2:2 w:0.3 N_Particles:50 Topology:ALL;ALL;50;1.0;2.0;0.3;1.7866690119383576e-06;3.3840959590136777e-07
46;ALL;Number of interations: 50 C1: 1 C2:2 w:0.5 N_Particles:50 Topology:ALL;ALL;50;1.0;2.0;0.5;0.00039928242436966245;0.0001999109727752746
47;ALL;Number of interations: 50 C1: 1 C2:2 w:0.9 N_Particles:50 Topology:ALL;ALL;50;1.0;2.0;0.9;3.838413820621972;2.9565245168117618
48;ALL;Number of interations: 100 C1: 0.1 C2:0.2 w:0.3 N_Particles:50 Topology:ALL;ALL;50;0.1;0.2;0.3;0.05531808404971565;0.004262246041552675
49;ALL;Number of interations: 100 C1: 0.1 C2:0.2 w:0.5 N_Particles:50 Topology:ALL;ALL;50;0.1;0.2;0.5;0.42255889197343527;0.04506112049199773
50;ALL;Number of interations: 100 C1: 0.1 C2:0.2 w:0.9 N_Particles:50 Topology:ALL;ALL;50;0.1;0.2;0.9;0.0023918612540005492;0.0013134435997952387
51;ALL;Number of interations: 100 C1: 0.1 C2:0.5 w:0.3 N_Particles:50 Topology:ALL;ALL;50;0.1;0.5;0.3;0.34097397744501673;0.02099974604392374
52;ALL;Number of interations: 100 C1: 0.1 C2:0.5 w:0.5 N_Particles:50 Topology:ALL;ALL;50;0.1;0.5;0.5;1.2304420294473317e-05;2.8110846983508964e-13
53;ALL;Number of interations: 100 C1: 0.1 C2:0.5 w:0.9 N_Particles:50 Topology:ALL;ALL;50;0.1;0.5;0.9;0.02292194144331221;0.010712965171347566
54;ALL;Number of interations: 100 C1: 0.1 C2:0.8 w:0.3 N_Particles:50 Topology:ALL;ALL;50;0.1;0.8;0.3;0.1842730732247607;1.4354785493608802e-07
55;ALL;Number of interations: 100 C1: 0.1 C2:0.8 w:0.5 N_Particles:50 Topology:ALL;ALL;50;0.1;0.8;0.5;0.16462236612906206;3.3084646133829665e-13
56;ALL;Number of interations: 100 C1: 0.1 C2:0.8 w:0.9 N_Particles:50 Topology:ALL;ALL;50;0.1;0.8;0.9;0.467555778559633;0.17152375879542037
57;ALL;Number of interations: 100 C1: 0.1 C2:2 w:0.3 N_Particles:50 Topology:ALL;ALL;50;0.1;2.0;0.3;0.28143499807767763;1.4654943925052066e-14
58;ALL;Number of interations: 100 C1: 0.1 C2:2 w:0.5 N_Particles:50 Topology:ALL;ALL;50;0.1;2.0;0.5;3.9700079819127153e-07;1.7600910284798488e-07
59;ALL;Number of interations: 100 C1: 0.1 C2:2 w:0.9 N_Particles:50 Topology:ALL;ALL;50;0.1;2.0;0.9;4.631540875208042;3.6740463091402664
60;ALL;Number of interations: 100 C1: 0.5 C2:0.2 w:0.3 N_Particles:50 Topology:ALL;ALL;50;0.5;0.2;0.3;0.04754682801607233;0.009078363540858891
61;ALL;Number of interations: 100 C1: 0.5 C2:0.2 w:0.5 N_Particles:50 Topology:ALL;ALL;50;0.5;0.2;0.5;0.2289731770748234;0.017336516300130445
62;ALL;Number of interations: 100 C1: 0.5 C2:0.2 w:0.9 N_Particles:50 Topology:ALL;ALL;50;0.5;0.2;0.9;0.0012267598762790931;0.0006274119540248257
63;ALL;Number of interations: 100 C1: 0.5 C2:0.5 w:0.3 N_Particles:50 Topology:ALL;ALL;50;0.5;0.5;0.3;0.10382141704437844;0.006859108105043976
64;ALL;Number of interations: 100 C1: 0.5 C2:0.5 w:0.5 N_Particles:50 Topology:ALL;ALL;50;0.5;0.5;0.5;3.076060413578219e-05;4.6629367034256575e-14
65;ALL;Number of interations: 100 C1: 0.5 C2:0.5 w:0.9 N_Particles:50 Topology:ALL;ALL;50;0.5;0.5;0.9;0.00439298023062209;0.0022067487093591076
66;ALL;Number of interations: 100 C1: 0.5 C2:0.8 w:0.3 N_Particles:50 Topology:ALL;ALL;50;0.5;0.8;0.3;0.5086225197147556;3.666186183126641e-05
67;ALL;Number of interations: 100 C1: 0.5 C2:0.8 w:0.5 N_Particles:50 Topology:ALL;ALL;50;0.5;0.8;0.5;2.722266856380884e-13;1.0347278589506459e-13
68;ALL;Number of interations: 100 C1: 0.5 C2:0.8 w:0.9 N_Particles:50 Topology:ALL;ALL;50;0.5;0.8;0.9;0.053419936120427725;0.011455177186807664
69;ALL;Number of interations: 100 C1: 0.5 C2:2 w:0.3 N_Particles:50 Topology:ALL;ALL;50;0.5;2.0;0.3;0.16462236331071098;4.3076653355456074e-14
70;ALL;Number of interations: 100 C1: 0.5 C2:2 w:0.5 N_Particles:50 Topology:ALL;ALL;50;0.5;2.0;0.5;4.890023257431153e-08;1.795977455643083e-08
71;ALL;Number of interations: 100 C1: 0.5 C2:2 w:0.9 N_Particles:50 Topology:ALL;ALL;50;0.5;2.0;0.9;4.0935309638142225;3.4088685261093663
72;ALL;Number of interations: 100 C1: 0.7 C2:0.2 w:0.3 N_Particles:50 Topology:ALL;ALL;50;0.7;0.2;0.3;0.045513947440133595;0.0012830319088625863
73;ALL;Number of interations: 100 C1: 0.7 C2:0.2 w:0.5 N_Particles:50 Topology:ALL;ALL;50;0.7;0.2;0.5;0.13475733145739294;0.005431395641139591
74;ALL;Number of interations: 100 C1: 0.7 C2:0.2 w:0.9 N_Particles:50 Topology:ALL;ALL;50;0.7;0.2;0.9;0.0005977660436525589;0.00025219539112386613
75;ALL;Number of interations: 100 C1: 0.7 C2:0.5 w:0.3 N_Particles:50 Topology:ALL;ALL;50;0.7;0.5;0.3;0.20565935419131068;0.056454379566649227
76;ALL;Number of interations: 100 C1: 0.7 C2:0.5 w:0.5 N_Particles:50 Topology:ALL;ALL;50;0.7;0.5;0.5;0.16489968613588432;3.597122599785507e-14
77;ALL;Number of interations: 100 C1: 0.7 C2:0.5 w:0.9 N_Particles:50 Topology:ALL;ALL;50;0.7;0.5;0.9;0.005789464932219435;0.003013971159902429
78;ALL;Number of interations: 100 C1: 0.7 C2:0.8 w:0.3 N_Particles:50 Topology:ALL;ALL;50;0.7;0.8;0.3;0.019909214068091163;3.197967682355696e-05
79;ALL;Number of interations: 100 C1: 0.7 C2:0.8 w:0.5 N_Particles:50 Topology:ALL;ALL;50;0.7;0.8;0.5;1.695532603207539e-13;7.505107646466058e-14
80;ALL;Number of interations: 100 C1: 0.7 C2:0.8 w:0.9 N_Particles:50 Topology:ALL;ALL;50;0.7;0.8;0.9;0.04347266285894387;0.02579145587454379
81;ALL;Number of interations: 100 C1: 0.7 C2:2 w:0.3 N_Particles:50 Topology:ALL;ALL;50;0.7;2.0;0.3;3.432809592140984e-13;7.860379014346108e-14
82;ALL;Number of interations: 100 C1: 0.7 C2:2 w:0.5 N_Particles:50 Topology:ALL;ALL;50;0.7;2.0;0.5;8.791599386270832e-08;1.9394982064824262e-08
83;ALL;Number of interations: 100 C1: 0.7 C2:2 w:0.9 N_Particles:50 Topology:ALL;ALL;50;0.7;2.0;0.9;3.6807548043193856;2.587317066662774
84;ALL;Number of interations: 100 C1: 1 C2:0.2 w:0.3 N_Particles:50 Topology:ALL;ALL;50;1.0;0.2;0.3;0.07367544332375546;0.018156122385584172
85;ALL;Number of interations: 100 C1: 1 C2:0.2 w:0.5 N_Particles:50 Topology:ALL;ALL;50;1.0;0.2;0.5;0.10048674648775249;0.005214471326994374
86;ALL;Number of interations: 100 C1: 1 C2:0.2 w:0.9 N_Particles:50 Topology:ALL;ALL;50;1.0;0.2;0.9;0.0006123332706558848;0.0002560839036189755
87;ALL;Number of interations: 100 C1: 1 C2:0.5 w:0.3 N_Particles:50 Topology:ALL;ALL;50;1.0;0.5;0.3;0.12892053943728826;0.01755469309665658
88;ALL;Number of interations: 100 C1: 1 C2:0.5 w:0.5 N_Particles:50 Topology:ALL;ALL;50;1.0;0.5;0.5;1.9051427102567686e-13;5.728750807065808e-14
89;ALL;Number of interations: 100 C1: 1 C2:0.5 w:0.9 N_Particles:50 Topology:ALL;ALL;50;1.0;0.5;0.9;0.006111594532016174;0.0021450657611592483
90;ALL;Number of interations: 100 C1: 1 C2:0.8 w:0.3 N_Particles:50 Topology:ALL;ALL;50;1.0;0.8;0.3;0.015471438482477584;2.510597174598672e-07
91;ALL;Number of interations: 100 C1: 1 C2:0.8 w:0.5 N_Particles:50 Topology:ALL;ALL;50;1.0;0.8;0.5;2.0969892489119956e-13;9.281464485866309e-14
92;ALL;Number of interations: 100 C1: 1 C2:0.8 w:0.9 N_Particles:50 Topology:ALL;ALL;50;1.0;0.8;0.9;0.05675873270790897;0.009296260489897623
93;ALL;Number of interations: 100 C1: 1 C2:2 w:0.3 N_Particles:50 Topology:ALL;ALL;50;1.0;2.0;0.3;0.16462236331109362;3.0242475190789264e-13
94;ALL;Number of interations: 100 C1: 1 C2:2 w:0.5 N_Particles:50 Topology:ALL;ALL;50;1.0;2.0;0.5;1.5484657049924523e-07;4.421786714559062e-08
95;ALL;Number of interations: 100 C1: 1 C2:2 w:0.9 N_Particles:50 Topology:ALL;ALL;50;1.0;2.0;0.9;3.6426583180480465;2.983579314052353
96;ALL;Number of interations: 200 C1: 0.1 C2:0.2 w:0.3 N_Particles:50 Topology:ALL;ALL;50;0.1;0.2;0.3;0.22803370667391692;0.00047491020291134944
97;ALL;Number of interations: 200 C1: 0.1 C2:0.2 w:0.5 N_Particles:50 Topology:ALL;ALL;50;0.1;0.2;0.5;0.13094701218226498;0.04080005808828391
98;ALL;Number of interations: 200 C1: 0.1 C2:0.2 w:0.9 N_Particles:50 Topology:ALL;ALL;50;0.1;0.2;0.9;1.051525564905731e-05;6.333826558790889e-06
99;ALL;Number of interations: 200 C1: 0.1 C2:0.5 w:0.3 N_Particles:50 Topology:ALL;ALL;50;0.1;0.5;0.3;0.2861181780288139;0.009844901017352914
100;ALL;Number of interations: 200 C1: 0.1 C2:0.5 w:0.5 N_Particles:50 Topology:ALL;ALL;50;0.1;0.5;0.5;0.5151912247019108;9.692127100890957e-10
101;ALL;Number of interations: 200 C1: 0.1 C2:0.5 w:0.9 N_Particles:50 Topology:ALL;ALL;50;0.1;0.5;0.9;0.0005821729422920363;0.00022773158138322813
102;ALL;Number of interations: 200 C1: 0.1 C2:0.8 w:0.3 N_Particles:50 Topology:ALL;ALL;50;0.1;0.8;0.3;0.0056492337636155025;2.859567769242233e-07
103;ALL;Number of interations: 200 C1: 0.1 C2:0.8 w:0.5 N_Particles:50 Topology:ALL;ALL;50;0.1;0.8;0.5;0.16462236331031485;3.9968028886505635e-15
104;ALL;Number of interations: 200 C1: 0.1 C2:0.8 w:0.9 N_Particles:50 Topology:ALL;ALL;50;0.1;0.8;0.9;0.06608232262826882;0.032418154007637145
105;ALL;Number of interations: 200 C1: 0.1 C2:2 w:0.3 N_Particles:50 Topology:ALL;ALL;50;0.1;2.0;0.3;0.3292447266206261;3.9968028886505635e-15
106;ALL;Number of interations: 200 C1: 0.1 C2:2 w:0.5 N_Particles:50 Topology:ALL;ALL;50;0.1;2.0;0.5;1.6635581800983347e-13;1.4654943925052066e-14
107;ALL;Number of interations: 200 C1: 0.1 C2:2 w:0.9 N_Particles:50 Topology:ALL;ALL;50;0.1;2.0;0.9;4.946576331637535;3.374214477117239
108;ALL;Number of interations: 200 C1: 0.5 C2:0.2 w:0.3 N_Particles:50 Topology:ALL;ALL;50;0.5;0.2;0.3;0.11818037132813837;0.00022748160563113018
109;ALL;Number of interations: 200 C1: 0.5 C2:0.2 w:0.5 N_Particles:50 Topology:ALL;ALL;50;0.5;0.2;0.5;0.33596539997430497;0.03581863039641009
110;ALL;Number of interations: 200 C1: 0.5 C2:0.2 w:0.9 N_Particles:50 Topology:ALL;ALL;50;0.5;0.2;0.9;2.968608742737189e-06;1.6050928128841235e-06
111;ALL;Number of interations: 200 C1: 0.5 C2:0.5 w:0.3 N_Particles:50 Topology:ALL;ALL;50;0.5;0.5;0.3;0.35460867987008565;0.04493526403050341
112;ALL;Number of interations: 200 C1: 0.5 C2:0.5 w:0.5 N_Particles:50 Topology:ALL;ALL;50;0.5;0.5;0.5;2.834941179585826e-08;3.9968028886505635e-15
113;ALL;Number of interations: 200 C1: 0.5 C2:0.5 w:0.9 N_Particles:50 Topology:ALL;ALL;50;0.5;0.5;0.9;7.623989484608628e-05;5.439846021859651e-05
114;ALL;Number of interations: 200 C1: 0.5 C2:0.8 w:0.3 N_Particles:50 Topology:ALL;ALL;50;0.5;0.8;0.3;0.030555506523578392;2.935869889997278e-05
115;ALL;Number of interations: 200 C1: 0.5 C2:0.8 w:0.5 N_Particles:50 Topology:ALL;ALL;50;0.5;0.8;0.5;1.5099033134902129e-15;4.440892098500626e-16
116;ALL;Number of interations: 200 C1: 0.5 C2:0.8 w:0.9 N_Particles:50 Topology:ALL;ALL;50;0.5;0.8;0.9;0.0026747345210460516;0.0006807954295457996
117;ALL;Number of interations: 200 C1: 0.5 C2:2 w:0.3 N_Particles:50 Topology:ALL;ALL;50;0.5;2.0;0.3;0.1646223633103138;4.440892098500626e-16
118;ALL;Number of interations: 200 C1: 0.5 C2:2 w:0.5 N_Particles:50 Topology:ALL;ALL;50;0.5;2.0;0.5;6.1284310959308644e-15;3.9968028886505635e-15
119;ALL;Number of interations: 200 C1: 0.5 C2:2 w:0.9 N_Particles:50 Topology:ALL;ALL;50;0.5;2.0;0.9;4.32306031867225;3.301017163231958
120;ALL;Number of interations: 200 C1: 0.7 C2:0.2 w:0.3 N_Particles:50 Topology:ALL;ALL;50;0.7;0.2;0.3;0.2250745247669653;0.0027971606300849494
121;ALL;Number of interations: 200 C1: 0.7 C2:0.2 w:0.5 N_Particles:50 Topology:ALL;ALL;50;0.7;0.2;0.5;0.18548600297312853;0.0017806450386967931
122;ALL;Number of interations: 200 C1: 0.7 C2:0.2 w:0.9 N_Particles:50 Topology:ALL;ALL;50;0.7;0.2;0.9;3.010341997811139e-06;1.32928289220402e-06
123;ALL;Number of interations: 200 C1: 0.7 C2:0.5 w:0.3 N_Particles:50 Topology:ALL;ALL;50;0.7;0.5;0.3;0.29777682732802413;0.005085952798787208
124;ALL;Number of interations: 200 C1: 0.7 C2:0.5 w:0.5 N_Particles:50 Topology:ALL;ALL;50;0.7;0.5;0.5;9.634528024031752e-05;4.440892098500626e-16
125;ALL;Number of interations: 200 C1: 0.7 C2:0.5 w:0.9 N_Particles:50 Topology:ALL;ALL;50;0.7;0.5;0.9;0.00010444126306881074;4.046434767746021e-05
126;ALL;Number of interations: 200 C1: 0.7 C2:0.8 w:0.3 N_Particles:50 Topology:ALL;ALL;50;0.7;0.8;0.3;0.09535366650951796;9.247373089493749e-09
127;ALL;Number of interations: 200 C1: 0.7 C2:0.8 w:0.5 N_Particles:50 Topology:ALL;ALL;50;0.7;0.8;0.5;1.865174681370263e-15;4.440892098500626e-16
128;ALL;Number of interations: 200 C1: 0.7 C2:0.8 w:0.9 N_Particles:50 Topology:ALL;ALL;50;0.7;0.8;0.9;0.0027861286183239464;0.0011428370808634902
129;ALL;Number of interations: 200 C1: 0.7 C2:2 w:0.3 N_Particles:50 Topology:ALL;ALL;50;0.7;2.0;0.3;2.930988785010413e-15;4.440892098500626e-16
130;ALL;Number of interations: 200 C1: 0.7 C2:2 w:0.5 N_Particles:50 Topology:ALL;ALL;50;0.7;2.0;0.5;7.904787935331115e-15;3.9968028886505635e-15
131;ALL;Number of interations: 200 C1: 0.7 C2:2 w:0.9 N_Particles:50 Topology:ALL;ALL;50;0.7;2.0;0.9;3.9141216856000867;3.1318909430413275
132;ALL;Number of interations: 200 C1: 1 C2:0.2 w:0.3 N_Particles:50 Topology:ALL;ALL;50;1.0;0.2;0.3;0.10825222038690407;0.01203263681670963
133;ALL;Number of interations: 200 C1: 1 C2:0.2 w:0.5 N_Particles:50 Topology:ALL;ALL;50;1.0;0.2;0.5;0.14079142366244152;0.022097447445589058
134;ALL;Number of interations: 200 C1: 1 C2:0.2 w:0.9 N_Particles:50 Topology:ALL;ALL;50;1.0;0.2;0.9;5.055142514098776e-06;1.6613645752450168e-06
135;ALL;Number of interations: 200 C1: 1 C2:0.5 w:0.3 N_Particles:50 Topology:ALL;ALL;50;1.0;0.5;0.3;0.15032382221722296;0.003315050909435957
136;ALL;Number of interations: 200 C1: 1 C2:0.5 w:0.5 N_Particles:50 Topology:ALL;ALL;50;1.0;0.5;0.5;1.0036416142611416e-14;4.440892098500626e-16
137;ALL;Number of interations: 200 C1: 1 C2:0.5 w:0.9 N_Particles:50 Topology:ALL;ALL;50;1.0;0.5;0.9;0.00018478947312461358;4.866268234993143e-05
138;ALL;Number of interations: 200 C1: 1 C2:0.8 w:0.3 N_Particles:50 Topology:ALL;ALL;50;1.0;0.8;0.3;0.005483222670423249;1.8952429816643246e-06
139;ALL;Number of interations: 200 C1: 1 C2:0.8 w:0.5 N_Particles:50 Topology:ALL;ALL;50;1.0;0.8;0.5;2.220446049250313e-15;4.440892098500626e-16
140;ALL;Number of interations: 200 C1: 1 C2:0.8 w:0.9 N_Particles:50 Topology:ALL;ALL;50;1.0;0.8;0.9;0.008623232612746622;0.0010747334114538099
141;ALL;Number of interations: 200 C1: 1 C2:2 w:0.3 N_Particles:50 Topology:ALL;ALL;50;1.0;2.0;0.3;2.575717417130363e-15;4.440892098500626e-16
142;ALL;Number of interations: 200 C1: 1 C2:2 w:0.5 N_Particles:50 Topology:ALL;ALL;50;1.0;2.0;0.5;3.5260683262094974e-14;7.549516567451064e-15
143;ALL;Number of interations: 200 C1: 1 C2:2 w:0.9 N_Particles:50 Topology:ALL;ALL;50;1.0;2.0;0.9;4.101656239266052;3.4254996923452947
144;ADJ2;Number of interations: 50 C1: 0.1 C2:0.2 w:0.3 N_Particles:50 Topology:ADJ2;ADJ2;50;0.1;0.2;0.3;1.1252411824140338;0.3413067309366302
145;ADJ2;Number of interations: 50 C1: 0.1 C2:0.2 w:0.5 N_Particles:50 Topology:ADJ2;ADJ2;50;0.1;0.2;0.5;0.9111443866777094;0.3153856210993564
146;ADJ2;Number of interations: 50 C1: 0.1 C2:0.2 w:0.9 N_Particles:50 Topology:ADJ2;ADJ2;50;0.1;0.2;0.9;0.29506891934132834;0.10179328687480593
147;ADJ2;Number of interations: 50 C1: 0.1 C2:0.5 w:0.3 N_Particles:50 Topology:ADJ2;ADJ2;50;0.1;0.5;0.3;0.3713283848527838;0.030131181137598606
148;ADJ2;Number of interations: 50 C1: 0.1 C2:0.5 w:0.5 N_Particles:50 Topology:ADJ2;ADJ2;50;0.1;0.5;0.5;0.11951164063350364;0.03174906144974132
149;ADJ2;Number of interations: 50 C1: 0.1 C2:0.5 w:0.9 N_Particles:50 Topology:ADJ2;ADJ2;50;0.1;0.5;0.9;1.685822408826962;0.4159244345100288
150;ADJ2;Number of interations: 50 C1: 0.1 C2:0.8 w:0.3 N_Particles:50 Topology:ADJ2;ADJ2;50;0.1;0.8;0.3;0.09456578605526618;0.019874366644537123
151;ADJ2;Number of interations: 50 C1: 0.1 C2:0.8 w:0.5 N_Particles:50 Topology:ADJ2;ADJ2;50;0.1;0.8;0.5;0.01092772978986618;0.001634250111088864
152;ADJ2;Number of interations: 50 C1: 0.1 C2:0.8 w:0.9 N_Particles:50 Topology:ADJ2;ADJ2;50;0.1;0.8;0.9;3.2848406585416603;1.5206224270736617
153;ADJ2;Number of interations: 50 C1: 0.1 C2:2 w:0.3 N_Particles:50 Topology:ADJ2;ADJ2;50;0.1;2.0;0.3;0.015637484667969038;0.002604126774372606
154;ADJ2;Number of interations: 50 C1: 0.1 C2:2 w:0.5 N_Particles:50 Topology:ADJ2;ADJ2;50;0.1;2.0;0.5;0.22341560654004242;0.057805820626896764
155;ADJ2;Number of interations: 50 C1: 0.1 C2:2 w:0.9 N_Particles:50 Topology:ADJ2;ADJ2;50;0.1;2.0;0.9;4.633063604015776;3.061148962919973
156;ADJ2;Number of interations: 50 C1: 0.5 C2:0.2 w:0.3 N_Particles:50 Topology:ADJ2;ADJ2;50;0.5;0.2;0.3;1.221527776565701;0.6321769918076972
157;ADJ2;Number of interations: 50 C1: 0.5 C2:0.2 w:0.5 N_Particles:50 Topology:ADJ2;ADJ2;50;0.5;0.2;0.5;0.9097874321923172;0.07483413016922613
158;ADJ2;Number of interations: 50 C1: 0.5 C2:0.2 w:0.9 N_Particles:50 Topology:ADJ2;ADJ2;50;0.5;0.2;0.9;0.13164852636647142;0.07983285208517588
159;ADJ2;Number of interations: 50 C1: 0.5 C2:0.5 w:0.3 N_Particles:50 Topology:ADJ2;ADJ2;50;0.5;0.5;0.3;0.3984484254520699;0.08431923144870668
160;ADJ2;Number of interations: 50 C1: 0.5 C2:0.5 w:0.5 N_Particles:50 Topology:ADJ2;ADJ2;50;0.5;0.5;0.5;0.05452018158590492;0.013221174386562229
161;ADJ2;Number of interations: 50 C1: 0.5 C2:0.5 w:0.9 N_Particles:50 Topology:ADJ2;ADJ2;50;0.5;0.5;0.9;0.28888211686498344;0.07909214745402382
162;ADJ2;Number of interations: 50 C1: 0.5 C2:0.8 w:0.3 N_Particles:50 Topology:ADJ2;ADJ2;50;0.5;0.8;0.3;0.05240331464148236;0.011323477824678907
163;ADJ2;Number of interations: 50 C1: 0.5 C2:0.8 w:0.5 N_Particles:50 Topology:ADJ2;ADJ2;50;0.5;0.8;0.5;0.0052358044617517585;0.0014400052451581935
164;ADJ2;Number of interations: 50 C1: 0.5 C2:0.8 w:0.9 N_Particles:50 Topology:ADJ2;ADJ2;50;0.5;0.8;0.9;1.4106610145345346;0.22508989938496216
165;ADJ2;Number of interations: 50 C1: 0.5 C2:2 w:0.3 N_Particles:50 Topology:ADJ2;ADJ2;50;0.5;2.0;0.3;0.008302464445149215;0.0016452160787037151
166;ADJ2;Number of interations: 50 C1: 0.5 C2:2 w:0.5 N_Particles:50 Topology:ADJ2;ADJ2;50;0.5;2.0;0.5;0.04963526425679392;0.013376413270297594
167;ADJ2;Number of interations: 50 C1: 0.5 C2:2 w:0.9 N_Particles:50 Topology:ADJ2;ADJ2;50;0.5;2.0;0.9;3.5409238047147666;0.9587380756409662
168;ADJ2;Number of interations: 50 C1: 0.7 C2:0.2 w:0.3 N_Particles:50 Topology:ADJ2;ADJ2;50;0.7;0.2;0.3;0.7824983901883517;0.3799500007931802
169;ADJ2;Number of interations: 50 C1: 0.7 C2:0.2 w:0.5 N_Particles:50 Topology:ADJ2;ADJ2;50;0.7;0.2;0.5;0.6676782155672747;0.2139426511947886
170;ADJ2;Number of interations: 50 C1: 0.7 C2:0.2 w:0.9 N_Particles:50 Topology:ADJ2;ADJ2;50;0.7;0.2;0.9;0.11831351224558632;0.07458623439606216
171;ADJ2;Number of interations: 50 C1: 0.7 C2:0.5 w:0.3 N_Particles:50 Topology:ADJ2;ADJ2;50;0.7;0.5;0.3;0.4532911051984104;0.05026448220709101
172;ADJ2;Number of interations: 50 C1: 0.7 C2:0.5 w:0.5 N_Particles:50 Topology:ADJ2;ADJ2;50;0.7;0.5;0.5;0.07101031961474691;0.020739748710852712
173;ADJ2;Number of interations: 50 C1: 0.7 C2:0.5 w:0.9 N_Particles:50 Topology:ADJ2;ADJ2;50;0.7;0.5;0.9;0.2102632183969729;0.10082623570676619
174;ADJ2;Number of interations: 50 C1: 0.7 C2:0.8 w:0.3 N_Particles:50 Topology:ADJ2;ADJ2;50;0.7;0.8;0.3;0.03664584207033465;0.007294419836636923
175;ADJ2;Number of interations: 50 C1: 0.7 C2:0.8 w:0.5 N_Particles:50 Topology:ADJ2;ADJ2;50;0.7;0.8;0.5;0.0031772498297024223;0.0010141980141011864
176;ADJ2;Number of interations: 50 C1: 0.7 C2:0.8 w:0.9 N_Particles:50 Topology:ADJ2;ADJ2;50;0.7;0.8;0.9;0.9791713855205242;0.6341425506030025
177;ADJ2;Number of interations: 50 C1: 0.7 C2:2 w:0.3 N_Particles:50 Topology:ADJ2;ADJ2;50;0.7;2.0;0.3;0.006484978065005098;0.00020860675219980251
178;ADJ2;Number of interations: 50 C1: 0.7 C2:2 w:0.5 N_Particles:50 Topology:ADJ2;ADJ2;50;0.7;2.0;0.5;0.056298692432807315;0.013296656685615194
179;ADJ2;Number of interations: 50 C1: 0.7 C2:2 w:0.9 N_Particles:50 Topology:ADJ2;ADJ2;50;0.7;2.0;0.9;3.469818248911659;1.9090157135804202
180;ADJ2;Number of interations: 50 C1: 1 C2:0.2 w:0.3 N_Particles:50 Topology:ADJ2;ADJ2;50;1.0;0.2;0.3;1.0490710005500226;0.3922290455594717
181;ADJ2;Number of interations: 50 C1: 1 C2:0.2 w:0.5 N_Particles:50 Topology:ADJ2;ADJ2;50;1.0;0.2;0.5;0.6374268257266049;0.1633615454136117
182;ADJ2;Number of interations: 50 C1: 1 C2:0.2 w:0.9 N_Particles:50 Topology:ADJ2;ADJ2;50;1.0;0.2;0.9;0.1595348901238208;0.08327606354157924
183;ADJ2;Number of interations: 50 C1: 1 C2:0.5 w:0.3 N_Particles:50 Topology:ADJ2;ADJ2;50;1.0;0.5;0.3;0.2356980350851427;0.05665779161722684
184;ADJ2;Number of interations: 50 C1: 1 C2:0.5 w:0.5 N_Particles:50 Topology:ADJ2;ADJ2;50;1.0;0.5;0.5;0.04834697752238535;0.02465917761294323
185;ADJ2;Number of interations: 50 C1: 1 C2:0.5 w:0.9 N_Particles:50 Topology:ADJ2;ADJ2;50;1.0;0.5;0.9;0.3163058104734895;0.18611059005947128
186;ADJ2;Number of interations: 50 C1: 1 C2:0.8 w:0.3 N_Particles:50 Topology:ADJ2;ADJ2;50;1.0;0.8;0.3;0.058855771127081714;0.006920250999791211
187;ADJ2;Number of interations: 50 C1: 1 C2:0.8 w:0.5 N_Particles:50 Topology:ADJ2;ADJ2;50;1.0;0.8;0.5;0.0023082698107857345;0.0005622631483466201
188;ADJ2;Number of interations: 50 C1: 1 C2:0.8 w:0.9 N_Particles:50 Topology:ADJ2;ADJ2;50;1.0;0.8;0.9;0.6674454169283021;0.2401656861708159
189;ADJ2;Number of interations: 50 C1: 1 C2:2 w:0.3 N_Particles:50 Topology:ADJ2;ADJ2;50;1.0;2.0;0.3;0.0047830934010545615;0.0018416839174304478
190;ADJ2;Number of interations: 50 C1: 1 C2:2 w:0.5 N_Particles:50 Topology:ADJ2;ADJ2;50;1.0;2.0;0.5;0.04834533571472628;0.01533741110836262
191;ADJ2;Number of interations: 50 C1: 1 C2:2 w:0.9 N_Particles:50 Topology:ADJ2;ADJ2;50;1.0;2.0;0.9;3.342763400938536;2.142792171242363
192;ADJ2;Number of interations: 100 C1: 0.1 C2:0.2 w:0.3 N_Particles:50 Topology:ADJ2;ADJ2;50;0.1;0.2;0.3;0.6597438769119173;0.18709379515559066
193;ADJ2;Number of interations: 100 C1: 0.1 C2:0.2 w:0.5 N_Particles:50 Topology:ADJ2;ADJ2;50;0.1;0.2;0.5;0.40317357807002746;0.0698427956801102
194;ADJ2;Number of interations: 100 C1: 0.1 C2:0.2 w:0.9 N_Particles:50 Topology:ADJ2;ADJ2;50;0.1;0.2;0.9;0.04281614368787077;0.02493141893345241
195;ADJ2;Number of interations: 100 C1: 0.1 C2:0.5 w:0.3 N_Particles:50 Topology:ADJ2;ADJ2;50;0.1;0.5;0.3;0.2920798409962669;0.14315057027621636
196;ADJ2;Number of interations: 100 C1: 0.1 C2:0.5 w:0.5 N_Particles:50 Topology:ADJ2;ADJ2;50;0.1;0.5;0.5;0.014840194827217079;0.0023998638977720255
197;ADJ2;Number of interations: 100 C1: 0.1 C2:0.5 w:0.9 N_Particles:50 Topology:ADJ2;ADJ2;50;0.1;0.5;0.9;0.8361217803461273;0.20772192744973994
198;ADJ2;Number of interations: 100 C1: 0.1 C2:0.8 w:0.3 N_Particles:50 Topology:ADJ2;ADJ2;50;0.1;0.8;0.3;0.023564445977644954;0.002316305276562236
199;ADJ2;Number of interations: 100 C1: 0.1 C2:0.8 w:0.5 N_Particles:50 Topology:ADJ2;ADJ2;50;0.1;0.8;0.5;9.199101518122532e-05;1.1335924924527063e-05
200;ADJ2;Number of interations: 100 C1: 0.1 C2:0.8 w:0.9 N_Particles:50 Topology:ADJ2;ADJ2;50;0.1;0.8;0.9;3.029848879172076;1.2193361978093766
201;ADJ2;Number of interations: 100 C1: 0.1 C2:2 w:0.3 N_Particles:50 Topology:ADJ2;ADJ2;50;0.1;2.0;0.3;7.672502205133825e-05;5.566762805830905e-06
202;ADJ2;Number of interations: 100 C1: 0.1 C2:2 w:0.5 N_Particles:50 Topology:ADJ2;ADJ2;50;0.1;2.0;0.5;0.00868732255872411;0.0021131470190742796
203;ADJ2;Number of interations: 100 C1: 0.1 C2:2 w:0.9 N_Particles:50 Topology:ADJ2;ADJ2;50;0.1;2.0;0.9;5.527268446151423;4.94841009771967
204;ADJ2;Number of interations: 100 C1: 0.5 C2:0.2 w:0.3 N_Particles:50 Topology:ADJ2;ADJ2;50;0.5;0.2;0.3;0.7955885870977848;0.31276339774142814
205;ADJ2;Number of interations: 100 C1: 0.5 C2:0.2 w:0.5 N_Particles:50 Topology:ADJ2;ADJ2;50;0.5;0.2;0.5;0.7881184364766497;0.5123934895553579
206;ADJ2;Number of interations: 100 C1: 0.5 C2:0.2 w:0.9 N_Particles:50 Topology:ADJ2;ADJ2;50;0.5;0.2;0.9;0.008341321363816778;0.005068013861130982
207;ADJ2;Number of interations: 100 C1: 0.5 C2:0.5 w:0.3 N_Particles:50 Topology:ADJ2;ADJ2;50;0.5;0.5;0.3;0.23589318973259282;0.08796070187120764
208;ADJ2;Number of interations: 100 C1: 0.5 C2:0.5 w:0.5 N_Particles:50 Topology:ADJ2;ADJ2;50;0.5;0.5;0.5;0.010264608266316078;0.0006400042312972865
209;ADJ2;Number of interations: 100 C1: 0.5 C2:0.5 w:0.9 N_Particles:50 Topology:ADJ2;ADJ2;50;0.5;0.5;0.9;0.05338724316748093;0.012731867343497516
210;ADJ2;Number of interations: 100 C1: 0.5 C2:0.8 w:0.3 N_Particles:50 Topology:ADJ2;ADJ2;50;0.5;0.8;0.3;0.01747538234580164;0.0011278209794629568
211;ADJ2;Number of interations: 100 C1: 0.5 C2:0.8 w:0.5 N_Particles:50 Topology:ADJ2;ADJ2;50;0.5;0.8;0.5;2.8290011298981453e-05;2.7786738674429046e-06
212;ADJ2;Number of interations: 100 C1: 0.5 C2:0.8 w:0.9 N_Particles:50 Topology:ADJ2;ADJ2;50;0.5;0.8;0.9;0.43336899713577326;0.17823325573697035
213;ADJ2;Number of interations: 100 C1: 0.5 C2:2 w:0.3 N_Particles:50 Topology:ADJ2;ADJ2;50;0.5;2.0;0.3;8.834382628908343e-06;4.978880423500698e-07
214;ADJ2;Number of interations: 100 C1: 0.5 C2:2 w:0.5 N_Particles:50 Topology:ADJ2;ADJ2;50;0.5;2.0;0.5;0.0024656645449138816;0.0009390410068097488
215;ADJ2;Number of interations: 100 C1: 0.5 C2:2 w:0.9 N_Particles:50 Topology:ADJ2;ADJ2;50;0.5;2.0;0.9;3.53606093008542;0.6417087630170326
216;ADJ2;Number of interations: 100 C1: 0.7 C2:0.2 w:0.3 N_Particles:50 Topology:ADJ2;ADJ2;50;0.7;0.2;0.3;0.6904842649830517;0.2895730085555184
217;ADJ2;Number of interations: 100 C1: 0.7 C2:0.2 w:0.5 N_Particles:50 Topology:ADJ2;ADJ2;50;0.7;0.2;0.5;0.4725285096933689;0.15645302385893034
218;ADJ2;Number of interations: 100 C1: 0.7 C2:0.2 w:0.9 N_Particles:50 Topology:ADJ2;ADJ2;50;0.7;0.2;0.9;0.01146997498838731;0.005065522602035077
219;ADJ2;Number of interations: 100 C1: 0.7 C2:0.5 w:0.3 N_Particles:50 Topology:ADJ2;ADJ2;50;0.7;0.5;0.3;0.1964509036169752;0.04458713936574954
220;ADJ2;Number of interations: 100 C1: 0.7 C2:0.5 w:0.5 N_Particles:50 Topology:ADJ2;ADJ2;50;0.7;0.5;0.5;0.00821931325350187;0.0005588319484179927
221;ADJ2;Number of interations: 100 C1: 0.7 C2:0.5 w:0.9 N_Particles:50 Topology:ADJ2;ADJ2;50;0.7;0.5;0.9;0.03944307890518113;0.01600315365248095
222;ADJ2;Number of interations: 100 C1: 0.7 C2:0.8 w:0.3 N_Particles:50 Topology:ADJ2;ADJ2;50;0.7;0.8;0.3;0.02968396905902333;0.0006230207633746154
223;ADJ2;Number of interations: 100 C1: 0.7 C2:0.8 w:0.5 N_Particles:50 Topology:ADJ2;ADJ2;50;0.7;0.8;0.5;4.782650817336531e-06;5.101869686718885e-07
224;ADJ2;Number of interations: 100 C1: 0.7 C2:0.8 w:0.9 N_Particles:50 Topology:ADJ2;ADJ2;50;0.7;0.8;0.9;0.27172978648003976;0.05728137531872379
225;ADJ2;Number of interations: 100 C1: 0.7 C2:2 w:0.3 N_Particles:50 Topology:ADJ2;ADJ2;50;0.7;2.0;0.3;6.41972567843041e-06;1.5360763225835683e-06
226;ADJ2;Number of interations: 100 C1: 0.7 C2:2 w:0.5 N_Particles:50 Topology:ADJ2;ADJ2;50;0.7;2.0;0.5;0.001012047965569085;0.0003692467049742909
227;ADJ2;Number of interations: 100 C1: 0.7 C2:2 w:0.9 N_Particles:50 Topology:ADJ2;ADJ2;50;0.7;2.0;0.9;3.867189340359986;1.3987516359174177
228;ADJ2;Number of interations: 100 C1: 1 C2:0.2 w:0.3 N_Particles:50 Topology:ADJ2;ADJ2;50;1.0;0.2;0.3;0.8015562474322806;0.36212422131517785
229;ADJ2;Number of interations: 100 C1: 1 C2:0.2 w:0.5 N_Particles:50 Topology:ADJ2;ADJ2;50;1.0;0.2;0.5;0.6496210624676078;0.22991209124688128
230;ADJ2;Number of interations: 100 C1: 1 C2:0.2 w:0.9 N_Particles:50 Topology:ADJ2;ADJ2;50;1.0;0.2;0.9;0.011938501340225916;0.003653119476986877
231;ADJ2;Number of interations: 100 C1: 1 C2:0.5 w:0.3 N_Particles:50 Topology:ADJ2;ADJ2;50;1.0;0.5;0.3;0.1811368765480265;0.08366665005648999
232;ADJ2;Number of interations: 100 C1: 1 C2:0.5 w:0.5 N_Particles:50 Topology:ADJ2;ADJ2;50;1.0;0.5;0.5;0.007581137359084611;0.0011990261778689337
233;ADJ2;Number of interations: 100 C1: 1 C2:0.5 w:0.9 N_Particles:50 Topology:ADJ2;ADJ2;50;1.0;0.5;0.9;0.05538973260630629;0.020161431346452208
234;ADJ2;Number of interations: 100 C1: 1 C2:0.8 w:0.3 N_Particles:50 Topology:ADJ2;ADJ2;50;1.0;0.8;0.3;0.019037505193039993;0.000901682541553317
235;ADJ2;Number of interations: 100 C1: 1 C2:0.8 w:0.5 N_Particles:50 Topology:ADJ2;ADJ2;50;1.0;0.8;0.5;2.3769584299948577e-06;2.535070611209278e-07
236;ADJ2;Number of interations: 100 C1: 1 C2:0.8 w:0.9 N_Particles:50 Topology:ADJ2;ADJ2;50;1.0;0.8;0.9;0.4931882675784934;0.06681212336606324
237;ADJ2;Number of interations: 100 C1: 1 C2:2 w:0.3 N_Particles:50 Topology:ADJ2;ADJ2;50;1.0;2.0;0.3;7.776796971104005e-06;1.7135018706149197e-06
238;ADJ2;Number of interations: 100 C1: 1 C2:2 w:0.5 N_Particles:50 Topology:ADJ2;ADJ2;50;1.0;2.0;0.5;0.0014972987915947479;0.00020733718669818657
239;ADJ2;Number of interations: 100 C1: 1 C2:2 w:0.9 N_Particles:50 Topology:ADJ2;ADJ2;50;1.0;2.0;0.9;2.9235677939536173;0.8964062679879032
240;ADJ2;Number of interations: 200 C1: 0.1 C2:0.2 w:0.3 N_Particles:50 Topology:ADJ2;ADJ2;50;0.1;0.2;0.3;0.4610204857605499;0.1582952561018094
241;ADJ2;Number of interations: 200 C1: 0.1 C2:0.2 w:0.5 N_Particles:50 Topology:ADJ2;ADJ2;50;0.1;0.2;0.5;0.3269324894568915;0.07725709780985968
242;ADJ2;Number of interations: 200 C1: 0.1 C2:0.2 w:0.9 N_Particles:50 Topology:ADJ2;ADJ2;50;0.1;0.2;0.9;0.001205519749461903;0.0005845808289106635
243;ADJ2;Number of interations: 200 C1: 0.1 C2:0.5 w:0.3 N_Particles:50 Topology:ADJ2;ADJ2;50;0.1;0.5;0.3;0.24404508684726958;0.03611928969303735
244;ADJ2;Number of interations: 200 C1: 0.1 C2:0.5 w:0.5 N_Particles:50 Topology:ADJ2;ADJ2;50;0.1;0.5;0.5;0.0019058904521487285;0.00014687440333149837
245;ADJ2;Number of interations: 200 C1: 0.1 C2:0.5 w:0.9 N_Particles:50 Topology:ADJ2;ADJ2;50;0.1;0.5;0.9;0.0937419687744712;0.024958970585210682
246;ADJ2;Number of interations: 200 C1: 0.1 C2:0.8 w:0.3 N_Particles:50 Topology:ADJ2;ADJ2;50;0.1;0.8;0.3;0.010832747800685017;0.00029106687822677557
247;ADJ2;Number of interations: 200 C1: 0.1 C2:0.8 w:0.5 N_Particles:50 Topology:ADJ2;ADJ2;50;0.1;0.8;0.5;2.347596863572221e-08;6.786540218683967e-10
248;ADJ2;Number of interations: 200 C1: 0.1 C2:0.8 w:0.9 N_Particles:50 Topology:ADJ2;ADJ2;50;0.1;0.8;0.9;3.9462793084422785;2.5846534011924267
249;ADJ2;Number of interations: 200 C1: 0.1 C2:2 w:0.3 N_Particles:50 Topology:ADJ2;ADJ2;50;0.1;2.0;0.3;3.0290189023673975e-09;3.9778358384978674e-10
250;ADJ2;Number of interations: 200 C1: 0.1 C2:2 w:0.5 N_Particles:50 Topology:ADJ2;ADJ2;50;0.1;2.0;0.5;4.26869880880254e-05;8.377212882937357e-06
251;ADJ2;Number of interations: 200 C1: 0.1 C2:2 w:0.9 N_Particles:50 Topology:ADJ2;ADJ2;50;0.1;2.0;0.9;4.595312745093563;2.0619941092254384
252;ADJ2;Number of interations: 200 C1: 0.5 C2:0.2 w:0.3 N_Particles:50 Topology:ADJ2;ADJ2;50;0.5;0.2;0.3;0.5912036733112995;0.20218174203297723
253;ADJ2;Number of interations: 200 C1: 0.5 C2:0.2 w:0.5 N_Particles:50 Topology:ADJ2;ADJ2;50;0.5;0.2;0.5;0.4570934196938413;0.26801909257079304
254;ADJ2;Number of interations: 200 C1: 0.5 C2:0.2 w:0.9 N_Particles:50 Topology:ADJ2;ADJ2;50;0.5;0.2;0.9;8.090069414672385e-05;5.0467481721216956e-05
255;ADJ2;Number of interations: 200 C1: 0.5 C2:0.5 w:0.3 N_Particles:50 Topology:ADJ2;ADJ2;50;0.5;0.5;0.3;0.16132870054516077;0.0764023660815849
256;ADJ2;Number of interations: 200 C1: 0.5 C2:0.5 w:0.5 N_Particles:50 Topology:ADJ2;ADJ2;50;0.5;0.5;0.5;0.0032418132173860138;4.444658789015676e-06
257;ADJ2;Number of interations: 200 C1: 0.5 C2:0.5 w:0.9 N_Particles:50 Topology:ADJ2;ADJ2;50;0.5;0.5;0.9;0.0033488970660575214;0.0005450285457624382
258;ADJ2;Number of interations: 200 C1: 0.5 C2:0.8 w:0.3 N_Particles:50 Topology:ADJ2;ADJ2;50;0.5;0.8;0.3;0.020498447896471907;0.0027431158463149252
259;ADJ2;Number of interations: 200 C1: 0.5 C2:0.8 w:0.5 N_Particles:50 Topology:ADJ2;ADJ2;50;0.5;0.8;0.5;5.559933846654985e-10;1.7003731755949048e-11
260;ADJ2;Number of interations: 200 C1: 0.5 C2:0.8 w:0.9 N_Particles:50 Topology:ADJ2;ADJ2;50;0.5;0.8;0.9;0.16328528491739053;0.018417098941153842
261;ADJ2;Number of interations: 200 C1: 0.5 C2:2 w:0.3 N_Particles:50 Topology:ADJ2;ADJ2;50;0.5;2.0;0.3;2.4970434608917456e-10;4.046984969363621e-12
262;ADJ2;Number of interations: 200 C1: 0.5 C2:2 w:0.5 N_Particles:50 Topology:ADJ2;ADJ2;50;0.5;2.0;0.5;2.324794347519088e-06;2.414048592136453e-07
263;ADJ2;Number of interations: 200 C1: 0.5 C2:2 w:0.9 N_Particles:50 Topology:ADJ2;ADJ2;50;0.5;2.0;0.9;3.1993183188749854;1.126204642155987
264;ADJ2;Number of interations: 200 C1: 0.7 C2:0.2 w:0.3 N_Particles:50 Topology:ADJ2;ADJ2;50;0.7;0.2;0.3;0.5987666103880052;0.3688620195994585
265;ADJ2;Number of interations: 200 C1: 0.7 C2:0.2 w:0.5 N_Particles:50 Topology:ADJ2;ADJ2;50;0.7;0.2;0.5;0.3283858906022343;0.057508877745324316
266;ADJ2;Number of interations: 200 C1: 0.7 C2:0.2 w:0.9 N_Particles:50 Topology:ADJ2;ADJ2;50;0.7;0.2;0.9;8.5247542798772e-05;2.202041876531169e-05
267;ADJ2;Number of interations: 200 C1: 0.7 C2:0.5 w:0.3 N_Particles:50 Topology:ADJ2;ADJ2;50;0.7;0.5;0.3;0.07799150601360524;0.019453178079658517
268;ADJ2;Number of interations: 200 C1: 0.7 C2:0.5 w:0.5 N_Particles:50 Topology:ADJ2;ADJ2;50;0.7;0.5;0.5;0.0016385838948534293;0.00019366675291054847
269;ADJ2;Number of interations: 200 C1: 0.7 C2:0.5 w:0.9 N_Particles:50 Topology:ADJ2;ADJ2;50;0.7;0.5;0.9;0.0028996790892773737;0.00048161407595204153
270;ADJ2;Number of interations: 200 C1: 0.7 C2:0.8 w:0.3 N_Particles:50 Topology:ADJ2;ADJ2;50;0.7;0.8;0.3;0.019864621500103485;0.0011732629468217404
271;ADJ2;Number of interations: 200 C1: 0.7 C2:0.8 w:0.5 N_Particles:50 Topology:ADJ2;ADJ2;50;0.7;0.8;0.5;5.815765646843829e-11;6.224798454468328e-12
272;ADJ2;Number of interations: 200 C1: 0.7 C2:0.8 w:0.9 N_Particles:50 Topology:ADJ2;ADJ2;50;0.7;0.8;0.9;0.07426981295046824;0.011475787149425987
273;ADJ2;Number of interations: 200 C1: 0.7 C2:2 w:0.3 N_Particles:50 Topology:ADJ2;ADJ2;50;0.7;2.0;0.3;4.7121861967980294e-11;3.347100374639922e-12
274;ADJ2;Number of interations: 200 C1: 0.7 C2:2 w:0.5 N_Particles:50 Topology:ADJ2;ADJ2;50;0.7;2.0;0.5;1.076571308278318e-06;8.608354251649075e-08
275;ADJ2;Number of interations: 200 C1: 0.7 C2:2 w:0.9 N_Particles:50 Topology:ADJ2;ADJ2;50;0.7;2.0;0.9;3.9501801246939827;1.0734843621356736
276;ADJ2;Number of interations: 200 C1: 1 C2:0.2 w:0.3 N_Particles:50 Topology:ADJ2;ADJ2;50;1.0;0.2;0.3;0.6028951399334769;0.03000746034523205
277;ADJ2;Number of interations: 200 C1: 1 C2:0.2 w:0.5 N_Particles:50 Topology:ADJ2;ADJ2;50;1.0;0.2;0.5;0.5080508894203148;0.13760606178271617
278;ADJ2;Number of interations: 200 C1: 1 C2:0.2 w:0.9 N_Particles:50 Topology:ADJ2;ADJ2;50;1.0;0.2;0.9;0.00010344601021445854;7.502261958780565e-06
279;ADJ2;Number of interations: 200 C1: 1 C2:0.5 w:0.3 N_Particles:50 Topology:ADJ2;ADJ2;50;1.0;0.5;0.3;0.1415913924208831;0.04755747556037848
280;ADJ2;Number of interations: 200 C1: 1 C2:0.5 w:0.5 N_Particles:50 Topology:ADJ2;ADJ2;50;1.0;0.5;0.5;0.0031656536145686863;4.420919528236311e-07
281;ADJ2;Number of interations: 200 C1: 1 C2:0.5 w:0.9 N_Particles:50 Topology:ADJ2;ADJ2;50;1.0;0.5;0.9;0.009107856442569062;0.0019356168051953837
282;ADJ2;Number of interations: 200 C1: 1 C2:0.8 w:0.3 N_Particles:50 Topology:ADJ2;ADJ2;50;1.0;0.8;0.3;0.01298245009778336;8.620614716692288e-05
283;ADJ2;Number of interations: 200 C1: 1 C2:0.8 w:0.5 N_Particles:50 Topology:ADJ2;ADJ2;50;1.0;0.8;0.5;7.133937884873376e-12;3.5216274341109965e-13
284;ADJ2;Number of interations: 200 C1: 1 C2:0.8 w:0.9 N_Particles:50 Topology:ADJ2;ADJ2;50;1.0;0.8;0.9;0.04996186264654314;0.007403513968807562
285;ADJ2;Number of interations: 200 C1: 1 C2:2 w:0.3 N_Particles:50 Topology:ADJ2;ADJ2;50;1.0;2.0;0.3;4.0042724691602415e-11;1.9939605522267811e-13
286;ADJ2;Number of interations: 200 C1: 1 C2:2 w:0.5 N_Particles:50 Topology:ADJ2;ADJ2;50;1.0;2.0;0.5;3.586171751557288e-07;3.1024896873788066e-08
287;ADJ2;Number of interations: 200 C1: 1 C2:2 w:0.9 N_Particles:50 Topology:ADJ2;ADJ2;50;1.0;2.0;0.9;3.083757395261808;0.6942263483984275
288;ADJ;Number of interations: 50 C1: 0.1 C2:0.2 w:0.3 N_Particles:50 Topology:ADJ;ADJ;50;0.1;0.2;0.3;1.1449764431702392;0.3395127117709724
289;ADJ;Number of interations: 50 C1: 0.1 C2:0.2 w:0.5 N_Particles:50 Topology:ADJ;ADJ;50;0.1;0.2;0.5;1.249055553299592;0.4132603326490494
290;ADJ;Number of interations: 50 C1: 0.1 C2:0.2 w:0.9 N_Particles:50 Topology:ADJ;ADJ;50;0.1;0.2;0.9;0.49886766818512457;0.14646087157025578
291;ADJ;Number of interations: 50 C1: 0.1 C2:0.5 w:0.3 N_Particles:50 Topology:ADJ;ADJ;50;0.1;0.5;0.3;0.4037638748389303;0.0474872667326669
292;ADJ;Number of interations: 50 C1: 0.1 C2:0.5 w:0.5 N_Particles:50 Topology:ADJ;ADJ;50;0.1;0.5;0.5;0.19339076657353305;0.05614117327101242
293;ADJ;Number of interations: 50 C1: 0.1 C2:0.5 w:0.9 N_Particles:50 Topology:ADJ;ADJ;50;0.1;0.5;0.9;1.8297923920370547;0.7242266857171988
294;ADJ;Number of interations: 50 C1: 0.1 C2:0.8 w:0.3 N_Particles:50 Topology:ADJ;ADJ;50;0.1;0.8;0.3;0.10128702910091336;0.052701280615686574
295;ADJ;Number of interations: 50 C1: 0.1 C2:0.8 w:0.5 N_Particles:50 Topology:ADJ;ADJ;50;0.1;0.8;0.5;0.02421530688330096;0.0010016800164724948
296;ADJ;Number of interations: 50 C1: 0.1 C2:0.8 w:0.9 N_Particles:50 Topology:ADJ;ADJ;50;0.1;0.8;0.9;2.9390013247274283;0.9778820646478583
297;ADJ;Number of interations: 50 C1: 0.1 C2:2 w:0.3 N_Particles:50 Topology:ADJ;ADJ;50;0.1;2.0;0.3;0.19982404015056873;0.011870087694991316
298;ADJ;Number of interations: 50 C1: 0.1 C2:2 w:0.5 N_Particles:50 Topology:ADJ;ADJ;50;0.1;2.0;0.5;0.2173859978459821;0.09599675636796734
299;ADJ;Number of interations: 50 C1: 0.1 C2:2 w:0.9 N_Particles:50 Topology:ADJ;ADJ;50;0.1;2.0;0.9;4.702101528049849;3.6744395765237496
300;ADJ;Number of interations: 50 C1: 0.5 C2:0.2 w:0.3 N_Particles:50 Topology:ADJ;ADJ;50;0.5;0.2;0.3;1.3578332650915954;0.15026040278858632
301;ADJ;Number of interations: 50 C1: 0.5 C2:0.2 w:0.5 N_Particles:50 Topology:ADJ;ADJ;50;0.5;0.2;0.5;0.931972275102245;0.25787480892370285
302;ADJ;Number of interations: 50 C1: 0.5 C2:0.2 w:0.9 N_Particles:50 Topology:ADJ;ADJ;50;0.5;0.2;0.9;0.21000337418028367;0.1227845007891486
303;ADJ;Number of interations: 50 C1: 0.5 C2:0.5 w:0.3 N_Particles:50 Topology:ADJ;ADJ;50;0.5;0.5;0.3;0.500074537215669;0.32800766429504735
304;ADJ;Number of interations: 50 C1: 0.5 C2:0.5 w:0.5 N_Particles:50 Topology:ADJ;ADJ;50;0.5;0.5;0.5;0.0953153866523782;0.009074428995969885
305;ADJ;Number of interations: 50 C1: 0.5 C2:0.5 w:0.9 N_Particles:50 Topology:ADJ;ADJ;50;0.5;0.5;0.9;0.3482168580875137;0.14499891573269652
306;ADJ;Number of interations: 50 C1: 0.5 C2:0.8 w:0.3 N_Particles:50 Topology:ADJ;ADJ;50;0.5;0.8;0.3;0.08953975706469856;0.024817263134320644
307;ADJ;Number of interations: 50 C1: 0.5 C2:0.8 w:0.5 N_Particles:50 Topology:ADJ;ADJ;50;0.5;0.8;0.5;0.010220967359493915;0.0011419309785343223
308;ADJ;Number of interations: 50 C1: 0.5 C2:0.8 w:0.9 N_Particles:50 Topology:ADJ;ADJ;50;0.5;0.8;0.9;1.0628924858959716;0.3430708664892319
309;ADJ;Number of interations: 50 C1: 0.5 C2:2 w:0.3 N_Particles:50 Topology:ADJ;ADJ;50;0.5;2.0;0.3;0.015070720661334126;0.0017520637353247714
310;ADJ;Number of interations: 50 C1: 0.5 C2:2 w:0.5 N_Particles:50 Topology:ADJ;ADJ;50;0.5;2.0;0.5;0.08439885143129837;0.03450401180740359
311;ADJ;Number of interations: 50 C1: 0.5 C2:2 w:0.9 N_Particles:50 Topology:ADJ;ADJ;50;0.5;2.0;0.9;3.3482416621405084;1.2798807680014161
312;ADJ;Number of interations: 50 C1: 0.7 C2:0.2 w:0.3 N_Particles:50 Topology:ADJ;ADJ;50;0.7;0.2;0.3;1.410865686521665;0.7390845045660019
313;ADJ;Number of interations: 50 C1: 0.7 C2:0.2 w:0.5 N_Particles:50 Topology:ADJ;ADJ;50;0.7;0.2;0.5;1.1021109202966197;0.6599420121959843
314;ADJ;Number of interations: 50 C1: 0.7 C2:0.2 w:0.9 N_Particles:50 Topology:ADJ;ADJ;50;0.7;0.2;0.9;0.20497933535493057;0.09234377379615966
315;ADJ;Number of interations: 50 C1: 0.7 C2:0.5 w:0.3 N_Particles:50 Topology:ADJ;ADJ;50;0.7;0.5;0.3;0.6027387541810864;0.17571755638355357
316;ADJ;Number of interations: 50 C1: 0.7 C2:0.5 w:0.5 N_Particles:50 Topology:ADJ;ADJ;50;0.7;0.5;0.5;0.11792751919208522;0.01468376297522811
317;ADJ;Number of interations: 50 C1: 0.7 C2:0.5 w:0.9 N_Particles:50 Topology:ADJ;ADJ;50;0.7;0.5;0.9;0.4238016125622086;0.15855448953921014
318;ADJ;Number of interations: 50 C1: 0.7 C2:0.8 w:0.3 N_Particles:50 Topology:ADJ;ADJ;50;0.7;0.8;0.3;0.09890760490109551;0.013800850098768525
319;ADJ;Number of interations: 50 C1: 0.7 C2:0.8 w:0.5 N_Particles:50 Topology:ADJ;ADJ;50;0.7;0.8;0.5;0.006529772907730891;0.0022103031074398594
320;ADJ;Number of interations: 50 C1: 0.7 C2:0.8 w:0.9 N_Particles:50 Topology:ADJ;ADJ;50;0.7;0.8;0.9;1.1360601943279824;0.5663173098758034
321;ADJ;Number of interations: 50 C1: 0.7 C2:2 w:0.3 N_Particles:50 Topology:ADJ;ADJ;50;0.7;2.0;0.3;0.012377968540787609;0.0027107912760659936
322;ADJ;Number of interations: 50 C1: 0.7 C2:2 w:0.5 N_Particles:50 Topology:ADJ;ADJ;50;0.7;2.0;0.5;0.10106369431451379;0.03527765724586773
323;ADJ;Number of interations: 50 C1: 0.7 C2:2 w:0.9 N_Particles:50 Topology:ADJ;ADJ;50;0.7;2.0;0.9;3.10626518892777;1.038005763434136
324;ADJ;Number of interations: 50 C1: 1 C2:0.2 w:0.3 N_Particles:50 Topology:ADJ;ADJ;50;1.0;0.2;0.3;1.7320395079750397;0.7953438811587827
325;ADJ;Number of interations: 50 C1: 1 C2:0.2 w:0.5 N_Particles:50 Topology:ADJ;ADJ;50;1.0;0.2;0.5;1.0959122076502612;0.6969138115682054
326;ADJ;Number of interations: 50 C1: 1 C2:0.2 w:0.9 N_Particles:50 Topology:ADJ;ADJ;50;1.0;0.2;0.9;0.24218233184961208;0.09116500855272536
327;ADJ;Number of interations: 50 C1: 1 C2:0.5 w:0.3 N_Particles:50 Topology:ADJ;ADJ;50;1.0;0.5;0.3;0.4171867253230723;0.23702816342735789
328;ADJ;Number of interations: 50 C1: 1 C2:0.5 w:0.5 N_Particles:50 Topology:ADJ;ADJ;50;1.0;0.5;0.5;0.09487876492159134;0.0177403582079525
329;ADJ;Number of interations: 50 C1: 1 C2:0.5 w:0.9 N_Particles:50 Topology:ADJ;ADJ;50;1.0;0.5;0.9;0.19110851903415424;0.08488655105931331
330;ADJ;Number of interations: 50 C1: 1 C2:0.8 w:0.3 N_Particles:50 Topology:ADJ;ADJ;50;1.0;0.8;0.3;0.0601976325593232;0.017591648338726618
331;ADJ;Number of interations: 50 C1: 1 C2:0.8 w:0.5 N_Particles:50 Topology:ADJ;ADJ;50;1.0;0.8;0.5;0.00694452881920613;0.0006383474731852523
332;ADJ;Number of interations: 50 C1: 1 C2:0.8 w:0.9 N_Particles:50 Topology:ADJ;ADJ;50;1.0;0.8;0.9;1.0799958527708604;0.504125908403211
333;ADJ;Number of interations: 50 C1: 1 C2:2 w:0.3 N_Particles:50 Topology:ADJ;ADJ;50;1.0;2.0;0.3;0.009726606105828584;0.0017661327943483407
334;ADJ;Number of interations: 50 C1: 1 C2:2 w:0.5 N_Particles:50 Topology:ADJ;ADJ;50;1.0;2.0;0.5;0.06685176872502341;0.019442546720018772
335;ADJ;Number of interations: 50 C1: 1 C2:2 w:0.9 N_Particles:50 Topology:ADJ;ADJ;50;1.0;2.0;0.9;2.7296629610563916;1.9772424886762718
336;ADJ;Number of interations: 100 C1: 0.1 C2:0.2 w:0.3 N_Particles:50 Topology:ADJ;ADJ;50;0.1;0.2;0.3;1.003485257058498;0.5808540443224754
337;ADJ;Number of interations: 100 C1: 0.1 C2:0.2 w:0.5 N_Particles:50 Topology:ADJ;ADJ;50;0.1;0.2;0.5;0.8238158449338002;0.4642356140656969
338;ADJ;Number of interations: 100 C1: 0.1 C2:0.2 w:0.9 N_Particles:50 Topology:ADJ;ADJ;50;0.1;0.2;0.9;0.06790918862112827;0.01783245910735376
339;ADJ;Number of interations: 100 C1: 0.1 C2:0.5 w:0.3 N_Particles:50 Topology:ADJ;ADJ;50;0.1;0.5;0.3;0.2894662168457864;0.10357280478609754
340;ADJ;Number of interations: 100 C1: 0.1 C2:0.5 w:0.5 N_Particles:50 Topology:ADJ;ADJ;50;0.1;0.5;0.5;0.027329012855762704;0.0038616478042112767
341;ADJ;Number of interations: 100 C1: 0.1 C2:0.5 w:0.9 N_Particles:50 Topology:ADJ;ADJ;50;0.1;0.5;0.9;0.4724907818272122;0.16258610292947795
342;ADJ;Number of interations: 100 C1: 0.1 C2:0.8 w:0.3 N_Particles:50 Topology:ADJ;ADJ;50;0.1;0.8;0.3;0.03493922439826358;0.008615071373303085
343;ADJ;Number of interations: 100 C1: 0.1 C2:0.8 w:0.5 N_Particles:50 Topology:ADJ;ADJ;50;0.1;0.8;0.5;0.0008522834163362525;0.00013880325115112058
344;ADJ;Number of interations: 100 C1: 0.1 C2:0.8 w:0.9 N_Particles:50 Topology:ADJ;ADJ;50;0.1;0.8;0.9;2.2256383073719586;0.36714388533622655
345;ADJ;Number of interations: 100 C1: 0.1 C2:2 w:0.3 N_Particles:50 Topology:ADJ;ADJ;50;0.1;2.0;0.3;0.0007731359488279743;3.7139685897802366e-05
346;ADJ;Number of interations: 100 C1: 0.1 C2:2 w:0.5 N_Particles:50 Topology:ADJ;ADJ;50;0.1;2.0;0.5;0.014709182513393149;0.0014120671058717171
347;ADJ;Number of interations: 100 C1: 0.1 C2:2 w:0.9 N_Particles:50 Topology:ADJ;ADJ;50;0.1;2.0;0.9;4.471278073963903;1.3244633026550265
348;ADJ;Number of interations: 100 C1: 0.5 C2:0.2 w:0.3 N_Particles:50 Topology:ADJ;ADJ;50;0.5;0.2;0.3;1.1491770590312396;0.7210732204742176
349;ADJ;Number of interations: 100 C1: 0.5 C2:0.2 w:0.5 N_Particles:50 Topology:ADJ;ADJ;50;0.5;0.2;0.5;0.7186213371718981;0.11856977029619786
350;ADJ;Number of interations: 100 C1: 0.5 C2:0.2 w:0.9 N_Particles:50 Topology:ADJ;ADJ;50;0.5;0.2;0.9;0.022476385267317146;0.0069707104595662095
351;ADJ;Number of interations: 100 C1: 0.5 C2:0.5 w:0.3 N_Particles:50 Topology:ADJ;ADJ;50;0.5;0.5;0.3;0.2879970417291259;0.05674385105122015
352;ADJ;Number of interations: 100 C1: 0.5 C2:0.5 w:0.5 N_Particles:50 Topology:ADJ;ADJ;50;0.5;0.5;0.5;0.015457305436875134;0.006928300833099588
353;ADJ;Number of interations: 100 C1: 0.5 C2:0.5 w:0.9 N_Particles:50 Topology:ADJ;ADJ;50;0.5;0.5;0.9;0.07734629654166243;0.024016465093883443
354;ADJ;Number of interations: 100 C1: 0.5 C2:0.8 w:0.3 N_Particles:50 Topology:ADJ;ADJ;50;0.5;0.8;0.3;0.02726190998674527;0.00036048277231559567
355;ADJ;Number of interations: 100 C1: 0.5 C2:0.8 w:0.5 N_Particles:50 Topology:ADJ;ADJ;50;0.5;0.8;0.5;0.00012927604599619614;1.0072546669182003e-05
356;ADJ;Number of interations: 100 C1: 0.5 C2:0.8 w:0.9 N_Particles:50 Topology:ADJ;ADJ;50;0.5;0.8;0.9;0.4043807904392584;0.1304412324432147
357;ADJ;Number of interations: 100 C1: 0.5 C2:2 w:0.3 N_Particles:50 Topology:ADJ;ADJ;50;0.5;2.0;0.3;6.526878772712408e-05;2.6691741215945086e-05
358;ADJ;Number of interations: 100 C1: 0.5 C2:2 w:0.5 N_Particles:50 Topology:ADJ;ADJ;50;0.5;2.0;0.5;0.002495767077905686;0.0005879567661044582
359;ADJ;Number of interations: 100 C1: 0.5 C2:2 w:0.9 N_Particles:50 Topology:ADJ;ADJ;50;0.5;2.0;0.9;3.342177780868248;0.7340311782185194
360;ADJ;Number of interations: 100 C1: 0.7 C2:0.2 w:0.3 N_Particles:50 Topology:ADJ;ADJ;50;0.7;0.2;0.3;1.194604539163835;0.26774426286845143
361;ADJ;Number of interations: 100 C1: 0.7 C2:0.2 w:0.5 N_Particles:50 Topology:ADJ;ADJ;50;0.7;0.2;0.5;0.7093794122655346;0.13689132456884368
362;ADJ;Number of interations: 100 C1: 0.7 C2:0.2 w:0.9 N_Particles:50 Topology:ADJ;ADJ;50;0.7;0.2;0.9;0.021297414889090493;0.00780337066344261
363;ADJ;Number of interations: 100 C1: 0.7 C2:0.5 w:0.3 N_Particles:50 Topology:ADJ;ADJ;50;0.7;0.5;0.3;0.3014993157234188;0.08381760300766006
364;ADJ;Number of interations: 100 C1: 0.7 C2:0.5 w:0.5 N_Particles:50 Topology:ADJ;ADJ;50;0.7;0.5;0.5;0.016308360465663176;0.00302657443086618
365;ADJ;Number of interations: 100 C1: 0.7 C2:0.5 w:0.9 N_Particles:50 Topology:ADJ;ADJ;50;0.7;0.5;0.9;0.03923142466336893;0.014570282895772113
366;ADJ;Number of interations: 100 C1: 0.7 C2:0.8 w:0.3 N_Particles:50 Topology:ADJ;ADJ;50;0.7;0.8;0.3;0.0301273673502636;0.004760865604577891
367;ADJ;Number of interations: 100 C1: 0.7 C2:0.8 w:0.5 N_Particles:50 Topology:ADJ;ADJ;50;0.7;0.8;0.5;6.714766748752154e-05;2.931726090782405e-06
368;ADJ;Number of interations: 100 C1: 0.7 C2:0.8 w:0.9 N_Particles:50 Topology:ADJ;ADJ;50;0.7;0.8;0.9;0.5429307749218871;0.03244731586054472
369;ADJ;Number of interations: 100 C1: 0.7 C2:2 w:0.3 N_Particles:50 Topology:ADJ;ADJ;50;0.7;2.0;0.3;6.783663994420763e-05;8.602092588905208e-06
370;ADJ;Number of interations: 100 C1: 0.7 C2:2 w:0.5 N_Particles:50 Topology:ADJ;ADJ;50;0.7;2.0;0.5;0.0016197407086004922;0.0004191150639774044
371;ADJ;Number of interations: 100 C1: 0.7 C2:2 w:0.9 N_Particles:50 Topology:ADJ;ADJ;50;0.7;2.0;0.9;3.091113434005399;1.1946753416567906
372;ADJ;Number of interations: 100 C1: 1 C2:0.2 w:0.3 N_Particles:50 Topology:ADJ;ADJ;50;1.0;0.2;0.3;1.2802446360526658;0.6552213354676977
373;ADJ;Number of interations: 100 C1: 1 C2:0.2 w:0.5 N_Particles:50 Topology:ADJ;ADJ;50;1.0;0.2;0.5;0.8459311921790267;0.4411917028708108
374;ADJ;Number of interations: 100 C1: 1 C2:0.2 w:0.9 N_Particles:50 Topology:ADJ;ADJ;50;1.0;0.2;0.9;0.03450097441256554;0.007988686139132728
375;ADJ;Number of interations: 100 C1: 1 C2:0.5 w:0.3 N_Particles:50 Topology:ADJ;ADJ;50;1.0;0.5;0.3;0.26966252866181406;0.07122299548607147
376;ADJ;Number of interations: 100 C1: 1 C2:0.5 w:0.5 N_Particles:50 Topology:ADJ;ADJ;50;1.0;0.5;0.5;0.014644182718562692;0.0037190244492149027
377;ADJ;Number of interations: 100 C1: 1 C2:0.5 w:0.9 N_Particles:50 Topology:ADJ;ADJ;50;1.0;0.5;0.9;0.08490101905365899;0.03266447661753391
378;ADJ;Number of interations: 100 C1: 1 C2:0.8 w:0.3 N_Particles:50 Topology:ADJ;ADJ;50;1.0;0.8;0.3;0.021452242841396886;0.001693787298844729
379;ADJ;Number of interations: 100 C1: 1 C2:0.8 w:0.5 N_Particles:50 Topology:ADJ;ADJ;50;1.0;0.8;0.5;6.704225638154426e-05;1.2245988781689476e-05
380;ADJ;Number of interations: 100 C1: 1 C2:0.8 w:0.9 N_Particles:50 Topology:ADJ;ADJ;50;1.0;0.8;0.9;0.4109357772713122;0.09454099784128234
381;ADJ;Number of interations: 100 C1: 1 C2:2 w:0.3 N_Particles:50 Topology:ADJ;ADJ;50;1.0;2.0;0.3;4.340226809569358e-05;7.886280290581027e-06
382;ADJ;Number of interations: 100 C1: 1 C2:2 w:0.5 N_Particles:50 Topology:ADJ;ADJ;50;1.0;2.0;0.5;0.0012000886079033713;0.00023014253082154212
383;ADJ;Number of interations: 100 C1: 1 C2:2 w:0.9 N_Particles:50 Topology:ADJ;ADJ;50;1.0;2.0;0.9;2.826176319342912;0.7593806261704583
384;ADJ;Number of interations: 200 C1: 0.1 C2:0.2 w:0.3 N_Particles:50 Topology:ADJ;ADJ;50;0.1;0.2;0.3;0.6909093393444241;0.31293838012836206
385;ADJ;Number of interations: 200 C1: 0.1 C2:0.2 w:0.5 N_Particles:50 Topology:ADJ;ADJ;50;0.1;0.2;0.5;0.44638088276645693;0.10422824518511264
386;ADJ;Number of interations: 200 C1: 0.1 C2:0.2 w:0.9 N_Particles:50 Topology:ADJ;ADJ;50;0.1;0.2;0.9;0.003948568698107469;0.0009937510355944035
387;ADJ;Number of interations: 200 C1: 0.1 C2:0.5 w:0.3 N_Particles:50 Topology:ADJ;ADJ;50;0.1;0.5;0.3;0.37759291216440555;0.10221822876855002
388;ADJ;Number of interations: 200 C1: 0.1 C2:0.5 w:0.5 N_Particles:50 Topology:ADJ;ADJ;50;0.1;0.5;0.5;0.007483722483526467;0.0004956485065972238
389;ADJ;Number of interations: 200 C1: 0.1 C2:0.5 w:0.9 N_Particles:50 Topology:ADJ;ADJ;50;0.1;0.5;0.9;0.06297150034081307;0.018644324900084275
390;ADJ;Number of interations: 200 C1: 0.1 C2:0.8 w:0.3 N_Particles:50 Topology:ADJ;ADJ;50;0.1;0.8;0.3;0.03146168289797489;0.00773264845689825
391;ADJ;Number of interations: 200 C1: 0.1 C2:0.8 w:0.5 N_Particles:50 Topology:ADJ;ADJ;50;0.1;0.8;0.5;1.2010550265451059e-06;1.375432789885167e-08
392;ADJ;Number of interations: 200 C1: 0.1 C2:0.8 w:0.9 N_Particles:50 Topology:ADJ;ADJ;50;0.1;0.8;0.9;3.1916001295093155;1.1807259654483606
393;ADJ;Number of interations: 200 C1: 0.1 C2:2 w:0.3 N_Particles:50 Topology:ADJ;ADJ;50;0.1;2.0;0.3;8.103078288357324e-08;8.874501578048921e-09
394;ADJ;Number of interations: 200 C1: 0.1 C2:2 w:0.5 N_Particles:50 Topology:ADJ;ADJ;50;0.1;2.0;0.5;0.00010080231231528458;2.1547967396617906e-05
395;ADJ;Number of interations: 200 C1: 0.1 C2:2 w:0.9 N_Particles:50 Topology:ADJ;ADJ;50;0.1;2.0;0.9;5.113368057953085;3.0792526245850707
396;ADJ;Number of interations: 200 C1: 0.5 C2:0.2 w:0.3 N_Particles:50 Topology:ADJ;ADJ;50;0.5;0.2;0.3;0.8991430869051168;0.2974078216243936
397;ADJ;Number of interations: 200 C1: 0.5 C2:0.2 w:0.5 N_Particles:50 Topology:ADJ;ADJ;50;0.5;0.2;0.5;0.40643738061533563;0.1660554590188572
398;ADJ;Number of interations: 200 C1: 0.5 C2:0.2 w:0.9 N_Particles:50 Topology:ADJ;ADJ;50;0.5;0.2;0.9;0.0003216222991473394;6.9874306341422e-05
399;ADJ;Number of interations: 200 C1: 0.5 C2:0.5 w:0.3 N_Particles:50 Topology:ADJ;ADJ;50;0.5;0.5;0.3;0.1848824427741996;0.056878112944222625
400;ADJ;Number of interations: 200 C1: 0.5 C2:0.5 w:0.5 N_Particles:50 Topology:ADJ;ADJ;50;0.5;0.5;0.5;0.008335377181731208;0.00012877911880737614
401;ADJ;Number of interations: 200 C1: 0.5 C2:0.5 w:0.9 N_Particles:50 Topology:ADJ;ADJ;50;0.5;0.5;0.9;0.004560701025566249;0.0016776945883063554
402;ADJ;Number of interations: 200 C1: 0.5 C2:0.8 w:0.3 N_Particles:50 Topology:ADJ;ADJ;50;0.5;0.8;0.3;0.014098575331860718;0.0008302661161363467
403;ADJ;Number of interations: 200 C1: 0.5 C2:0.8 w:0.5 N_Particles:50 Topology:ADJ;ADJ;50;0.5;0.8;0.5;7.31058247716021e-08;5.721574769523841e-09
404;ADJ;Number of interations: 200 C1: 0.5 C2:0.8 w:0.9 N_Particles:50 Topology:ADJ;ADJ;50;0.5;0.8;0.9;0.1307489179582185;0.015607859004604041
405;ADJ;Number of interations: 200 C1: 0.5 C2:2 w:0.3 N_Particles:50 Topology:ADJ;ADJ;50;0.5;2.0;0.3;2.752874994627064e-09;2.2281954059621967e-10
406;ADJ;Number of interations: 200 C1: 0.5 C2:2 w:0.5 N_Particles:50 Topology:ADJ;ADJ;50;0.5;2.0;0.5;4.1925087114869085e-06;1.0458283172809502e-07
407;ADJ;Number of interations: 200 C1: 0.5 C2:2 w:0.9 N_Particles:50 Topology:ADJ;ADJ;50;0.5;2.0;0.9;3.6956649321909003;1.397254350257676
408;ADJ;Number of interations: 200 C1: 0.7 C2:0.2 w:0.3 N_Particles:50 Topology:ADJ;ADJ;50;0.7;0.2;0.3;0.8152990809846156;0.38649705417704583
409;ADJ;Number of interations: 200 C1: 0.7 C2:0.2 w:0.5 N_Particles:50 Topology:ADJ;ADJ;50;0.7;0.2;0.5;0.786567800984723;0.3310703327602309
410;ADJ;Number of interations: 200 C1: 0.7 C2:0.2 w:0.9 N_Particles:50 Topology:ADJ;ADJ;50;0.7;0.2;0.9;0.00025247345738508285;0.00012236194832881964
411;ADJ;Number of interations: 200 C1: 0.7 C2:0.5 w:0.3 N_Particles:50 Topology:ADJ;ADJ;50;0.7;0.5;0.3;0.2118471457743909;0.04066068491113173
412;ADJ;Number of interations: 200 C1: 0.7 C2:0.5 w:0.5 N_Particles:50 Topology:ADJ;ADJ;50;0.7;0.5;0.5;0.003394999927755382;4.858655479056395e-05
413;ADJ;Number of interations: 200 C1: 0.7 C2:0.5 w:0.9 N_Particles:50 Topology:ADJ;ADJ;50;0.7;0.5;0.9;0.006301932086828277;0.0005812320671378934
414;ADJ;Number of interations: 200 C1: 0.7 C2:0.8 w:0.3 N_Particles:50 Topology:ADJ;ADJ;50;0.7;0.8;0.3;0.015481007737226183;0.0005722103929284295
415;ADJ;Number of interations: 200 C1: 0.7 C2:0.8 w:0.5 N_Particles:50 Topology:ADJ;ADJ;50;0.7;0.8;0.5;1.938678595436727e-08;6.484488501712349e-10
416;ADJ;Number of interations: 200 C1: 0.7 C2:0.8 w:0.9 N_Particles:50 Topology:ADJ;ADJ;50;0.7;0.8;0.9;0.09028342265820592;0.011351057709817258
417;ADJ;Number of interations: 200 C1: 0.7 C2:2 w:0.3 N_Particles:50 Topology:ADJ;ADJ;50;0.7;2.0;0.3;2.013366273700967e-09;2.734386050917692e-10
418;ADJ;Number of interations: 200 C1: 0.7 C2:2 w:0.5 N_Particles:50 Topology:ADJ;ADJ;50;0.7;2.0;0.5;2.625280818779885e-06;2.97419387340625e-07
419;ADJ;Number of interations: 200 C1: 0.7 C2:2 w:0.9 N_Particles:50 Topology:ADJ;ADJ;50;0.7;2.0;0.9;2.8089824111315362;0.281909295134501
420;ADJ;Number of interations: 200 C1: 1 C2:0.2 w:0.3 N_Particles:50 Topology:ADJ;ADJ;50;1.0;0.2;0.3;1.118478298429644;0.534659157997933
421;ADJ;Number of interations: 200 C1: 1 C2:0.2 w:0.5 N_Particles:50 Topology:ADJ;ADJ;50;1.0;0.2;0.5;0.5532826821267974;0.07177903653440909
422;ADJ;Number of interations: 200 C1: 1 C2:0.2 w:0.9 N_Particles:50 Topology:ADJ;ADJ;50;1.0;0.2;0.9;0.0010527043265491365;0.00019378160579508474
423;ADJ;Number of interations: 200 C1: 1 C2:0.5 w:0.3 N_Particles:50 Topology:ADJ;ADJ;50;1.0;0.5;0.3;0.19028601106016446;0.03982710172663362
424;ADJ;Number of interations: 200 C1: 1 C2:0.5 w:0.5 N_Particles:50 Topology:ADJ;ADJ;50;1.0;0.5;0.5;0.0033225393731496134;2.2669078209691662e-05
425;ADJ;Number of interations: 200 C1: 1 C2:0.5 w:0.9 N_Particles:50 Topology:ADJ;ADJ;50;1.0;0.5;0.9;0.0074555800122760195;0.0009287564131956749
426;ADJ;Number of interations: 200 C1: 1 C2:0.8 w:0.3 N_Particles:50 Topology:ADJ;ADJ;50;1.0;0.8;0.3;0.00495903233054742;0.00022827176420081585
427;ADJ;Number of interations: 200 C1: 1 C2:0.8 w:0.5 N_Particles:50 Topology:ADJ;ADJ;50;1.0;0.8;0.5;5.267003633235845e-09;1.7528778428754777e-10
428;ADJ;Number of interations: 200 C1: 1 C2:0.8 w:0.9 N_Particles:50 Topology:ADJ;ADJ;50;1.0;0.8;0.9;0.05576806414009612;0.01679861236545266
429;ADJ;Number of interations: 200 C1: 1 C2:2 w:0.3 N_Particles:50 Topology:ADJ;ADJ;50;1.0;2.0;0.3;1.3915518515261739e-09;2.1139756611887606e-10
430;ADJ;Number of interations: 200 C1: 1 C2:2 w:0.5 N_Particles:50 Topology:ADJ;ADJ;50;1.0;2.0;0.5;8.313548186755781e-07;1.2869343324339866e-07
431;ADJ;Number of interations: 200 C1: 1 C2:2 w:0.9 N_Particles:50 Topology:ADJ;ADJ;50;1.0;2.0;0.9;1.8975013992290148;0.28174037007022124
